{
  "no_LOS_H_160_L1_170_L_320_1": -29.08846886229488,
  "no_LOS_H_160_L1_170_L_320_2": -28.882823212274833,
  "no_LOS_H_160_L1_170_L_320_3": -29.216225959198525,
  "no_LOS_H_190_L1_260_L_320_1": 11.533844384904079,
  "no_LOS_H_190_L1_260_L_320_2": 11.521874585769954,
  "no_LOS_H_190_L1_260_L_320_3": 11.445805634188392,
  "no_LOS_H_190_L1_60_L_320_1": 5.452403674967171,
  "no_LOS_H_190_L1_60_L_320_2": 5.5421850171864095,
  "no_LOS_H_190_L1_60_L_320_3": 5.523269585186988
}