{
  "46.8476102659946": {
    "1": {
      "mean": -54.44952595402911,
      "std": 3.5105882092031124
    },
    "2": {
      "mean": -54.26089357580604,
      "std": 3.5750406392599725
    },
    "3": {
      "mean": -54.4372636746909,
      "std": 3.3629545268141814
    }
  },
  "72.47443162627712": {
    "1": {
      "mean": -30.32069475499011,
      "std": 0.9787397465317152
    },
    "2": {
      "mean": -30.4754220652531,
      "std": 0.8987601914166053
    },
    "3": {
      "mean": -30.47853577028969,
      "std": 0.9886267632505782
    }
  },
  "36.15818543980832": {
    "1": {
      "mean": -37.97504903594899,
      "std": 1.7785593320367197
    },
    "2": {
      "mean": -37.92133557035179,
      "std": 1.8344439548371227
    },
    "3": {
      "mean": -37.88835149685462,
      "std": 1.7563654284605745
    }
  }
}