{
  "46.8476102659946": {
    "1": {
      "mean_1": -25.944909271296236,
      "std_1": 3.6457963975202756,
      "mean_2": -37.70760665270344,
      "std_2": 6.422232487957267
    },
    "2": {
      "mean_1": -26.34735855270085,
      "std_1": 3.723857286405222,
      "mean_2": -37.380089117972226,
      "std_2": 6.644247669459621
    },
    "3": {
      "mean_1": -26.150330610072082,
      "std_1": 3.6738623094588143,
      "mean_2": -37.98038185877888,
      "std_2": 6.46264963529889
    }
  },
  "72.47443162627712": {
    "1": {
      "mean_1": -33.55810979845727,
      "std_1": 1.730438229530211,
      "mean_2": 27.325917890794056,
      "std_2": 5.674570816638555
    },
    "2": {
      "mean_1": -33.3302936272066,
      "std_1": 1.576315775070408,
      "mean_2": 26.816357661142764,
      "std_2": 5.849966242235564
    },
    "3": {
      "mean_1": -33.44643915491032,
      "std_1": 1.7997176551475018,
      "mean_2": 26.703020482247805,
      "std_2": 6.658437887394344
    }
  },
  "36.15818543980832": {
    "1": {
      "mean_1": -33.77170131910563,
      "std_1": 1.4248254977357295,
      "mean_2": -13.466841590730779,
      "std_2": 11.486709803444901
    },
    "2": {
      "mean_1": -33.78792323480807,
      "std_1": 1.3879386142531864,
      "mean_2": -14.020035151526201,
      "std_2": 10.59001593716426
    },
    "3": {
      "mean_1": -34.11206957972251,
      "std_1": 1.533770987515908,
      "mean_2": -15.294244367698383,
      "std_2": 10.953376909670453
    }
  }
}