{
  "-10": {
    "mean_theta": -12.376698208411737,
    "std_err": 11.217056852627566
  },
  "-15": {
    "mean_theta": -11.893702942897677,
    "std_err": 12.241258588390078
  },
  "-20": {
    "mean_theta": -10.498359080027612,
    "std_err": 11.477221561774059
  },
  "-25": {
    "mean_theta": -7.569082271629261,
    "std_err": 10.581183529924905
  },
  "-30": {
    "mean_theta": -10.332915029374227,
    "std_err": 11.046534202449541
  },
  "-35": {
    "mean_theta": -15.473524558124625,
    "std_err": 13.516925973027684
  },
  "-40": {
    "mean_theta": -1.6539982253931291,
    "std_err": 12.847881988627437
  },
  "-45": {
    "mean_theta": 5.686974044284969,
    "std_err": 13.4529726327054
  },
  "-5": {
    "mean_theta": -11.81687636552766,
    "std_err": 10.491754839692513
  },
  "-50": {
    "mean_theta": 5.480654813259717,
    "std_err": 11.355900874371708
  },
  "-55": {
    "mean_theta": 15.306118549309947,
    "std_err": 11.669832568062448
  },
  "-60": {
    "mean_theta": 15.728168056082563,
    "std_err": 11.313151898342664
  },
  "-65": {
    "mean_theta": 16.730186920842005,
    "std_err": 12.491921984468402
  },
  "-70": {
    "mean_theta": NaN,
    "std_err": NaN
  },
  "-75": {
    "mean_theta": NaN,
    "std_err": NaN
  },
  "-80": {
    "mean_theta": NaN,
    "std_err": NaN
  },
  "0": {
    "mean_theta": -7.158609989257354,
    "std_err": 8.701324644680929
  },
  "10": {
    "mean_theta": -17.22344412737104,
    "std_err": 6.832302914924294
  },
  "15": {
    "mean_theta": -14.425038600509444,
    "std_err": 6.677121241294038
  },
  "20": {
    "mean_theta": -4.118965178119328,
    "std_err": 8.137076979097323
  },
  "25": {
    "mean_theta": 3.8050386044339257,
    "std_err": 7.678962116028358
  },
  "30": {
    "mean_theta": 12.09005681513653,
    "std_err": 8.452877367015578
  },
  "35": {
    "mean_theta": 12.381166029668183,
    "std_err": 9.095699859159748
  },
  "40": {
    "mean_theta": 3.6051357760012257,
    "std_err": 8.811383696109978
  },
  "45": {
    "mean_theta": -13.782511718338633,
    "std_err": 12.592510265449002
  },
  "5": {
    "mean_theta": -8.818947036431787,
    "std_err": 8.253027974855026
  },
  "50": {
    "mean_theta": -7.075425959810351,
    "std_err": 15.287102880548286
  },
  "55": {
    "mean_theta": -2.471298423925634,
    "std_err": 12.271732638235877
  },
  "60": {
    "mean_theta": 2.4407523968425964,
    "std_err": 9.690156073918667
  },
  "65": {
    "mean_theta": 10.973142578722447,
    "std_err": 9.751006577679203
  },
  "70": {
    "mean_theta": 12.094651397613614,
    "std_err": 10.846425980277726
  },
  "75": {
    "mean_theta": 13.898302283504192,
    "std_err": 13.46662424219757
  },
  "80": {
    "mean_theta": 11.272262624229258,
    "std_err": 13.153678689979738
  }
}